{"cameraMode":{"drawMode":0,"name":"Shaded","section":"Shading Mode"},"sceneLighting":true,"audioPlay":false,"sceneViewState":{"m_AlwaysRefresh":false,"showFog":true,"showSkybox":true,"showFlares":true,"showImageEffects":true,"showParticleSystems":true,"showVisualEffectGraphs":true,"m_FxEnabled":true},"in2DMode":false,"pivot":{"x":2.271317958831787,"y":-0.12967276573181153,"z":0.3028697967529297},"rotation":{"x":0.014235016889870167,"y":0.04527636617422104,"z":-0.0006450442597270012,"w":0.9988742470741272},"size":5.6924052238464359,"orthographic":true}