{"cameraMode":{"drawMode":0,"name":"Shaded","section":"Shading Mode"},"sceneLighting":true,"audioPlay":false,"sceneViewState":{"m_AlwaysRefresh":false,"showFog":true,"showSkybox":true,"showFlares":true,"showImageEffects":true,"showParticleSystems":true,"showVisualEffectGraphs":true,"m_FxEnabled":true},"in2DMode":false,"pivot":{"x":2.271317958831787,"y":-0.12967276573181153,"z":0.3028697967529297},"rotation":{"x":0.01724487729370594,"y":0.022791674360632898,"z":-0.00039399476372636855,"w":0.9995966553688049},"size":5.493228435516357,"orthographic":true}