{"cameraMode":{"drawMode":0,"name":"Shaded","section":"Shading Mode"},"sceneLighting":true,"audioPlay":false,"sceneViewState":{"m_AlwaysRefresh":false,"showFog":true,"showSkybox":true,"showFlares":true,"showImageEffects":true,"showParticleSystems":true,"showVisualEffectGraphs":true,"m_FxEnabled":true},"in2DMode":false,"pivot":{"x":2.271317958831787,"y":-0.12967276573181153,"z":0.3028697967529297},"rotation":{"x":0.01573331095278263,"y":0.04527534916996956,"z":-0.0007129584555514157,"w":0.9988517761230469},"size":9.158036231994629,"orthographic":true}