{"cameraMode":{"drawMode":0,"name":"Shaded","section":"Shading Mode"},"sceneLighting":false,"audioPlay":false,"sceneViewState":{"m_AlwaysRefresh":false,"showFog":true,"showSkybox":true,"showFlares":true,"showImageEffects":true,"showParticleSystems":true,"showVisualEffectGraphs":true,"m_FxEnabled":true},"in2DMode":false,"pivot":{"x":-9.046043395996094,"y":11.17306137084961,"z":-0.6880079507827759},"rotation":{"x":0.07941056787967682,"y":-0.01196181122213602,"z":0.0009529726812615991,"w":0.9967697262763977},"size":9.826177597045899,"orthographic":true}