{"cameraMode":{"drawMode":0,"name":"Shaded","section":"Shading Mode"},"sceneLighting":false,"audioPlay":false,"sceneViewState":{"m_AlwaysRefresh":false,"showFog":true,"showSkybox":true,"showFlares":true,"showImageEffects":true,"showParticleSystems":true,"showVisualEffectGraphs":true,"m_FxEnabled":true},"in2DMode":false,"pivot":{"x":-0.10583826899528504,"y":1.605259895324707,"z":-0.2547454833984375},"rotation":{"x":0.04723193496465683,"y":-0.004494963679462671,"z":0.00021254514285828918,"w":0.9988738894462586},"size":4.6454973220825199,"orthographic":true}