{"cameraMode":{"drawMode":0,"name":"Shaded","section":"Shading Mode"},"sceneLighting":true,"audioPlay":false,"sceneViewState":{"m_AlwaysRefresh":false,"showFog":true,"showSkybox":true,"showFlares":true,"showImageEffects":true,"showParticleSystems":true,"showVisualEffectGraphs":true,"m_FxEnabled":true},"in2DMode":false,"pivot":{"x":1.4607691764831544,"y":2.0632474422454836,"z":-16.00505828857422},"rotation":{"x":0.013920736499130726,"y":0.06148325279355049,"z":-0.0008585787727497518,"w":0.9980113506317139},"size":8.543510437011719,"orthographic":true}