{"cameraMode":{"drawMode":0,"name":"Shaded","section":"Shading Mode"},"sceneLighting":false,"audioPlay":false,"sceneViewState":{"m_AlwaysRefresh":false,"showFog":true,"showSkybox":false,"showFlares":true,"showImageEffects":true,"showParticleSystems":true,"showVisualEffectGraphs":true,"m_FxEnabled":true},"in2DMode":false,"pivot":{"x":-3.057873487472534,"y":1.519874095916748,"z":0.07635664939880371},"rotation":{"x":0.0014280554605647922,"y":-0.02090541087090969,"z":0.000030017399694770575,"w":0.9997819662094116},"size":1.629033088684082,"orthographic":true}